,mistake,fix,mistake freq,fix freq,type,1
0,excerpt,excerpts,5.0,10.0,Deletion,1
1,if,it,180610.0,963712.0,Substitution,2
2,whether,the,3424.0,1501908.0,Compound,1
3,be,the,293085.0,1501908.0,Standard,1
4,primer,prime,30.0,933.0,Insertion,1
5,before,and,40501.0,682780.0,Standard,1
6,is,if,459663.0,180610.0,Substitution,4
8,highest,lowest,646.0,225.0,Standard,1
9,opens,open,848.0,16341.0,Insertion,1
10,lists,list,198.0,4110.0,Insertion,1
11,updates,update,59.0,252.0,Insertion,1
12,Russel,Russell,33.0,926.0,Deletion,2
13,an,and,95071.0,682780.0,Deletion,6
14,ID,object,169.0,1314.0,Standard,1
15,Collection,String,926.0,646.0,Standard,1
16,THe,The,1501908.0,1501908.0,Caps Error,1
17,and,the,682780.0,1501908.0,Standard,2
18,be,able,293085.0,8155.0,Standard,2
19,ID,identifier,169.0,6.0,Standard,2
20,lower,lowercase,1417.0,2.0,Compound,1
21,also,Also,10528.0,10528.0,Caps Error,1
22,to,of,1156570.0,590439.0,Standard,4
23,boolean,function,4.0,565.0,Standard,1
24,push,pop,3598.0,3441.0,Standard,1
25,video,videos,2105.0,220.0,Deletion,1
26,text,test,267.0,4288.0,Substitution,2
27,guards,protecting,1237.0,817.0,Standard,1
28,is,present,459663.0,4562.0,Standard,1
29,Simple,Simply,4555.0,2362.0,Substitution,1
30,willing,willingness,2512.0,68.0,Compound,1
31,a,your,1041179.0,328715.0,Standard,1
32,an,English,95071.0,3777.0,Standard,1
33,produces,produced,134.0,268.0,Substitution,1
34,I,It,2038529.0,963712.0,Deletion,1
35,can,will,267620.0,108306.0,Standard,1
36,Cats,Fetch,1006.0,559.0,Standard,1
37,minimum,maximum,415.0,396.0,Standard,2
39,explain,explained,5670.0,598.0,Compound,1
40,Espace,Escape,7.0,2258.0,Exchange,1
41,save,saved,8278.0,3558.0,Deletion,1
42,gets,posts,11364.0,141.0,Standard,1
43,collectors,collector,75.0,220.0,Insertion,1
44,test,sandbox,4288.0,54.0,Standard,1
45,to,two,1156570.0,54384.0,Deletion,1
46,so,but,216452.0,225291.0,Standard,1
47,is,it,459663.0,963712.0,Substitution,2
48,share,shared,3545.0,534.0,Deletion,1
49,we,first,459607.0,42869.0,Standard,1
50,f,if,2579.0,180610.0,Deletion,1
51,A,An,1041179.0,95071.0,Deletion,1
52,able,available,8155.0,1323.0,Compound,1
53,in,center,498444.0,2335.0,Standard,1
54,of,if,590439.0,180610.0,Substitution,2
56,sur,sure,30.0,56091.0,Deletion,2
58,not,now,276673.0,163333.0,Substitution,4
59,Research,Investigate,1688.0,483.0,Standard,1
60,adapter,Adapter,11.0,11.0,Caps Error,1
61,from,form,103992.0,2180.0,Exchange,1
62,spittle,sprite,12.0,33.0,Standard,1
63,field,class,3580.0,5985.0,Standard,1
64,a,an,1041179.0,95071.0,Deletion,12
65,models,model,451.0,1635.0,Insertion,1
66,built,build,2099.0,2452.0,Substitution,1
67,it,its,963712.0,8757.0,Deletion,23
68,then,when,75966.0,103739.0,Substitution,2
69,fo,for,95.0,351650.0,Deletion,1
70,meant,means,5316.0,11136.0,Substitution,1
71,ands,and,21.0,682780.0,Insertion,1
72,are,considered,265672.0,1182.0,Standard,1
73,given,listening,4851.0,3205.0,Standard,1
74,build,push,2452.0,3598.0,Standard,1
75,MInute,Minute,19252.0,19252.0,Caps Error,1
76,using,technique,3520.0,456.0,Standard,1
78,To,We,1156570.0,459607.0,Standard,1
79,set,sets,11805.0,761.0,Deletion,1
80,build,test,2452.0,4288.0,Standard,1
81,you,your,2134713.0,328715.0,Deletion,11
82,name,next,32735.0,23090.0,Standard,1
83,Repository,This,13.0,406915.0,Standard,1
84,An,Object,95071.0,1314.0,Standard,1
85,your,you,328715.0,2134713.0,Insertion,5
86,Home,About,39491.0,185206.0,Standard,1
87,Twitter,Bootstrap,8.0,3.0,Standard,1
88,images,Images,401.0,401.0,Caps Error,1
89,Strep,Streep,35.0,45.0,Deletion,1
90,easy,simple,13551.0,4555.0,Standard,1
91,point,place,12063.0,30736.0,Standard,1
92,in,are,498444.0,265672.0,Standard,1
93,th,the,4989.0,1501908.0,Deletion,1
95,it,is,963712.0,459663.0,Substitution,4
96,end,and,13559.0,682780.0,Substitution,1
97,ident,indent,15.0,6.0,Deletion,3
99,provide,provides,888.0,137.0,Deletion,2
100,you,to,2134713.0,1156570.0,Standard,1
102,what,As,501965.0,113068.0,Standard,1
103,An,A,95071.0,1041179.0,Insertion,1
104,must,one,35661.0,156684.0,Standard,2
106,logging,named,46.0,3564.0,Standard,1
107,with,methods,257465.0,330.0,Standard,1
108,flood,flooding,291.0,86.0,Compound,1
109,logger,Default,6.0,51.0,Standard,1
110,whether,weather,3424.0,1746.0,Standard,1
111,exist,existing,1477.0,98.0,Compound,1
112,a,debug,1041179.0,10.0,Standard,1
113,content,context,389.0,163.0,Substitution,1
114,an,a,95071.0,1041179.0,Insertion,14
115,to,use,1156570.0,17536.0,Standard,2
116,your,multiple,328715.0,540.0,Standard,2
118,up,down,187170.0,76004.0,Standard,1
119,cb,callback,27.0,44.0,Standard,2
120,use,used,17536.0,17551.0,Deletion,1
121,wether,whether,7.0,3424.0,Deletion,2
122,kind,kinds,30125.0,1121.0,Deletion,1
123,work,worked,40699.0,5877.0,Compound,1
124,deal,dealing,13330.0,1440.0,Compound,1
125,points,point,1642.0,12063.0,Insertion,1
126,to,we,1156570.0,459607.0,Standard,1
127,to,if,1156570.0,180610.0,Standard,1
128,getting,slowing,24719.0,156.0,Standard,1
129,sound,sounds,7313.0,7970.0,Deletion,1
130,normal,standard,3589.0,940.0,Standard,1
131,Example,Examples,1527.0,97.0,Deletion,1
132,default,compiler,51.0,7.0,Standard,1
133,past,path,6312.0,1252.0,Standard,1
134,implement,implements,63.0,15.0,Deletion,1
135,a,any,1041179.0,56068.0,Standard,1
136,programme,programmer,235.0,56.0,Deletion,1
137,pulls,also,404.0,10528.0,Standard,1
139,removed,remove,737.0,1084.0,Insertion,1
140,bu,but,82.0,225291.0,Deletion,2
143,Bucket,bucket,511.0,511.0,Caps Error,1
144,RESTFul,RESTful,38.0,38.0,Caps Error,1
145,rotate,reverse,98.0,560.0,Standard,2
146,fist,first,375.0,42869.0,Deletion,6
149,Resource,REsource,83.0,83.0,Caps Error,1
150,database,driver,290.0,2416.0,Standard,1
151,setup,up,440.0,187170.0,Compound,1
152,for,a,351650.0,1041179.0,Standard,1
153,Programing,Programming,2.0,160.0,Deletion,1
154,I,we,2038529.0,459607.0,Standard,2
157,Since,parameter,16064.0,13.0,Standard,1
158,containers,contains,77.0,260.0,Standard,1
159,I,A,2038529.0,1041179.0,Substitution,1
160,one,vectors,156684.0,34.0,Standard,1
163,a,are,1041179.0,265672.0,Standard,1
164,knowing,known,2307.0,6300.0,Standard,1
165,Mix,Min,834.0,219.0,Substitution,1
166,user,input,79.0,152.0,Standard,1
167,use,usage,17536.0,26.0,Standard,1
169,Resource,Resources,83.0,470.0,Deletion,1
170,be,decorated,293085.0,144.0,Standard,1
171,in,below,498444.0,1430.0,Standard,1
172,column,chart,559.0,483.0,Standard,1
173,chart,shape,483.0,1542.0,Standard,1
174,filed,field,449.0,3580.0,Exchange,1
175,Suggestion,Event,622.0,1345.0,Standard,1
176,big,bug,34824.0,1068.0,Substitution,2
178,feature,features,298.0,244.0,Deletion,1
179,equal,an,682.0,95071.0,Standard,1
180,used,a,17551.0,1041179.0,Standard,1
181,I,you,2038529.0,2134713.0,Standard,1
182,variable,variables,39.0,52.0,Deletion,1
183,link,lint,609.0,68.0,Substitution,2
185,r,rows,3579.0,92.0,Compound,3
187,c,var,4675.0,7.0,Standard,1
188,r,row,3579.0,1343.0,Compound,1
190,int,value,2.0,1097.0,Standard,1
191,to,too,1156570.0,69950.0,Deletion,6
192,hav,have,7.0,314232.0,Deletion,2
193,o,of,9598.0,590439.0,Deletion,1
194,we,We,459607.0,459607.0,Caps Error,1
195,currently,Currently,351.0,351.0,Caps Error,1
200,counter,count,709.0,4588.0,Compound,1
201,you,based,2134713.0,1357.0,Standard,1
204,on,one,354742.0,156684.0,Deletion,1
206,names,name,2746.0,32735.0,Insertion,4
211,use,personally,17536.0,1870.0,Standard,1
212,and,or,682780.0,86970.0,Standard,1
213,yo,you,4177.0,2134713.0,Deletion,1
214,interval,length,45.0,358.0,Standard,2
216,to,make,1156570.0,70775.0,Standard,1
217,of,to,590439.0,1156570.0,Standard,1
218,a,strictly,1041179.0,548.0,Standard,1
219,internet,Internet,334.0,334.0,Caps Error,1
220,sounds,seem,7970.0,7131.0,Standard,1
221,resources,resource,470.0,83.0,Insertion,1
222,has,have,57830.0,314232.0,Standard,2
223,ObjecT,Object,1314.0,1314.0,Caps Error,1
224,of,the,590439.0,1501908.0,Standard,2
225,test,Test,4288.0,4288.0,Caps Error,1
226,stop,Stop,36071.0,36071.0,Caps Error,1
227,the,do,1501908.0,312915.0,Standard,1
228,used,use,17551.0,17536.0,Insertion,1
229,difference,different,4066.0,10686.0,Standard,2
230,projects,project,285.0,1907.0,Insertion,1
231,he,the,389497.0,1501908.0,Deletion,4
232,these,this,46104.0,406915.0,Standard,2
234,LL,ALL,224097.0,263255.0,Deletion,2
236,your,the,328715.0,1501908.0,Standard,1
240,and,an,682780.0,95071.0,Insertion,4
241,fot,for,6.0,351650.0,Substitution,1
242,ss,hs,124.0,3.0,Substitution,1
243,optical,Optical,56.0,56.0,Caps Error,1
245,Require,Required,542.0,547.0,Deletion,1
247,slice,remove,435.0,1084.0,Standard,2
249,flow,flows,701.0,142.0,Deletion,1
250,throw,thrown,6570.0,1047.0,Deletion,2
252,easy,easily,13551.0,1151.0,Standard,1
253,process,processes,1427.0,55.0,Compound,1
254,loose,lose,2131.0,8382.0,Insertion,2
256,am,an,56438.0,95071.0,Substitution,1
257,receive,receives,992.0,79.0,Deletion,1
258,send,sent,9169.0,7038.0,Substitution,2
259,part,of,13337.0,590439.0,Standard,1
261,return,returns,4676.0,447.0,Deletion,3
262,ot,to,126.0,1156570.0,Exchange,2
263,other,order,37505.0,7985.0,Standard,1
264,my,may,344899.0,26080.0,Deletion,2
266,the,a,1501908.0,1041179.0,Standard,2
267,ist,is,38.0,459663.0,Insertion,1
268,set,get,11805.0,233772.0,Substitution,1
269,don,do,321085.0,312915.0,Insertion,1
273,potentially,speeds,171.0,75.0,Standard,1
274,dos,do,85.0,312915.0,Insertion,1
275,departement,department,2.0,3256.0,Insertion,1
276,g,of,2169.0,590439.0,Standard,1
277,by,be,68364.0,293085.0,Substitution,3
278,or,of,86970.0,590439.0,Substitution,1
279,is,to,459663.0,1156570.0,Standard,1
280,was,ways,288391.0,2633.0,Deletion,1
283,for,business,351650.0,16371.0,Standard,1
284,found,fond,20196.0,629.0,Insertion,1
285,in,concepts,498444.0,73.0,Standard,1
286,to,later,1156570.0,14889.0,Standard,1
287,brackets,Brackets,11.0,11.0,Caps Error,1
289,HAsh,Hash,180.0,180.0,Caps Error,1
290,only,minimally,55269.0,3.0,Standard,1
291,miss,misses,23850.0,373.0,Compound,1
292,to,true,1156570.0,12921.0,Standard,1
293,optional,Spark,58.0,320.0,Standard,1
294,save,safe,8278.0,7303.0,Substitution,1
295,create,created,1289.0,1195.0,Deletion,2
296,can,get,267620.0,233772.0,Standard,1
297,this,address,406915.0,2666.0,Standard,1
298,communication,communications,528.0,398.0,Deletion,1
299,licence,license,251.0,1635.0,Substitution,1
300,hot,all,9682.0,263255.0,Standard,1
301,user,users,79.0,63.0,Deletion,1
302,use,uses,17536.0,778.0,Deletion,1
303,user,uses,79.0,778.0,Substitution,1
304,fo,of,95.0,590439.0,Exchange,2
305,the,class,1501908.0,5985.0,Standard,1
307,han,ha,347.0,6260.0,Insertion,1
308,ha,han,6260.0,347.0,Deletion,1
309,can,overridden,267620.0,13.0,Standard,1
310,weather,whether,1746.0,3424.0,Standard,1
311,field,fields,3580.0,609.0,Deletion,1
312,the,there,1501908.0,221754.0,Compound,4
313,a,and,1041179.0,682780.0,Standard,1
314,stop,start,36071.0,17345.0,Standard,1
315,listen,dispatch,27784.0,350.0,Standard,1
316,sart,start,6.0,17345.0,Deletion,1
319,prefix,the,21.0,1501908.0,Standard,1
320,them,it,90720.0,963712.0,Standard,1
321,why,in,114687.0,498444.0,Standard,1
322,There,They,221754.0,209250.0,Standard,1
323,undefined,,10.0,27.0,Standard,1
324,purposes,purpose,262.0,1789.0,Insertion,1
325,object,type,1314.0,3093.0,Standard,1
326,tIt,It,171.0,963712.0,Insertion,1
327,Max,Mac,3620.0,1440.0,Substitution,1
328,Multiple,Technically,540.0,739.0,Standard,1
329,step,steps,6052.0,1259.0,Deletion,1
330,get,gets,233772.0,11364.0,Deletion,3
332,wether,weather,7.0,1746.0,Deletion,1
333,maximum,minimum,396.0,415.0,Standard,1
334,of,off,590439.0,60155.0,Deletion,1
335,ask,menu,24640.0,508.0,Standard,1
336,go,do,193445.0,312915.0,Substitution,1
337,absolutely,certain,5769.0,4354.0,Standard,1
339,POST,PUT,1654.0,42251.0,Standard,1
340,to,from,1156570.0,103992.0,Standard,1
341,friends,precedence,15578.0,27.0,Standard,1
342,de,the,2161.0,1501908.0,Standard,2
343,del,de,437.0,2161.0,Insertion,1
344,thought,though,41232.0,9279.0,Insertion,1
345,live,Live,17574.0,17574.0,Caps Error,1
346,the,local,1501908.0,2128.0,Standard,1
347,the,content,1501908.0,389.0,Standard,1
348,messages,message,948.0,4667.0,Insertion,2
350,Cause,Causes,15812.0,506.0,Deletion,1
351,for,to,351650.0,1156570.0,Standard,5
352,some,for,88089.0,351650.0,Standard,1
353,yor,your,4.0,328715.0,Deletion,1
354,on,or,354742.0,86970.0,Substitution,1
355,dashing,Dashing,115.0,115.0,Caps Error,1
356,about,after,185206.0,34812.0,Standard,1
357,and,as,682780.0,113068.0,Standard,1
358,take,see,96443.0,130393.0,Standard,1
360,things,criteria,35337.0,91.0,Standard,1
361,Who,How,113370.0,155867.0,Standard,1
362,keep,keeps,35846.0,2681.0,Deletion,1
363,exit,exist,794.0,1477.0,Deletion,1
364,is,are,459663.0,265672.0,Standard,3
365,ass,as,11545.0,113068.0,Insertion,2
367,or,For,86970.0,351650.0,Deletion,2
370,applies,uses,127.0,778.0,Standard,1
371,current,currently,869.0,351.0,Compound,2
373,so,likelihood,216452.0,58.0,Standard,1
374,car,see,24636.0,130393.0,Standard,1
376,abort,cancel,235.0,933.0,Standard,3
379,a,data,1041179.0,1306.0,Standard,1
380,it,them,963712.0,90720.0,Standard,2
382,The,Returns,1501908.0,447.0,Standard,1
383,type,return,3093.0,4676.0,Standard,1
384,ore,more,84.0,66228.0,Deletion,1
385,Premier,Premiere,127.0,189.0,Deletion,1
386,covers,describes,478.0,81.0,Standard,1
387,can,enables,267620.0,34.0,Standard,1
388,going,discover,108288.0,614.0,Standard,1
389,line,lines,10515.0,1960.0,Deletion,1
390,world,life,23216.0,40629.0,Standard,1
391,detection,detecting,85.0,61.0,Standard,1
392,multiples,multiple,15.0,540.0,Insertion,1
393,dependant,dependent,7.0,114.0,Substitution,1
394,word,color,12013.0,2011.0,Standard,1
395,Go,go,193445.0,193445.0,Caps Error,1
397,is,in,459663.0,498444.0,Substitution,2
398,pixies,pixie,20.0,42.0,Insertion,1
400,deal,engagement,13330.0,666.0,Standard,1
401,format,formats,54.0,9.0,Deletion,1
402,stimulus,Stimulus,26.0,26.0,Caps Error,3
405,represented,represent,213.0,773.0,Compound,1
406,of,stars,590439.0,2353.0,Standard,1
407,release,released,1851.0,882.0,Deletion,1
408,work,use,40699.0,17536.0,Standard,1
409,generation,generating,619.0,43.0,Standard,1
410,act,actions,5565.0,620.0,Compound,1
411,w,with,1099.0,257465.0,Compound,1
412,practise,practice,189.0,2330.0,Substitution,1
413,that,conflicting,719677.0,37.0,Standard,1
414,is,aims,459663.0,60.0,Standard,1
415,the,see,1501908.0,130393.0,Standard,2
416,Used,Use,17551.0,17536.0,Insertion,2
417,the,web,1501908.0,470.0,Standard,2
422,err,error,77.0,473.0,Compound,1
423,Option,Activity,736.0,657.0,Standard,1
424,clock,block,2990.0,2067.0,Substitution,1
426,its,basic,8757.0,794.0,Standard,1
427,Changes,Changed,1481.0,5148.0,Substitution,1
428,we,be,459607.0,293085.0,Substitution,1
429,offer,fallback,3810.0,32.0,Standard,1
430,object,string,1314.0,646.0,Standard,1
431,x,X,1051.0,1051.0,Caps Error,1
432,v,V,1394.0,1394.0,Caps Error,3
433,r,X,3579.0,1051.0,Substitution,1
436,page,pages,1912.0,695.0,Deletion,1
437,them,they,90720.0,209250.0,Substitution,1
438,pops,pop,598.0,3441.0,Insertion,1
439,accomodate,accommodate,6.0,109.0,Deletion,2
442,File,The,2246.0,1501908.0,Standard,1
443,so,wo,216452.0,58.0,Substitution,1
444,change,changed,12258.0,5148.0,Deletion,1
445,nor,or,1835.0,86970.0,Insertion,1
447,beyond,interactive,2200.0,28.0,Standard,1
448,behind,under,9581.0,13358.0,Standard,1
449,semicolon,colon,8.0,129.0,Compound,1
450,colon,semicolon,129.0,8.0,Compound,1
451,easier,easy,2012.0,13551.0,Standard,1
452,Geo,Geographical,9.0,31.0,Compound,1
453,Friendly,Label,1328.0,351.0,Standard,2
454,Org,Organizational,50.0,18.0,Compound,1
455,organisation,organizational,119.0,18.0,Standard,2
459,empty,auto,2409.0,391.0,Standard,1
460,give,given,59559.0,4851.0,Deletion,1
461,the,they,1501908.0,209250.0,Deletion,2
462,values,are,432.0,265672.0,Standard,1
463,know,whether,291780.0,3424.0,Standard,1
464,looks,look,15886.0,99311.0,Insertion,1
465,platform,emulate,313.0,28.0,Standard,1
466,ref,image,129.0,1154.0,Standard,1
467,het,net,17.0,793.0,Substitution,1
469,Either,Error,9308.0,473.0,Standard,1
470,about,of,185206.0,590439.0,Standard,1
471,out,our,197131.0,71425.0,Substitution,1
472,Please,Note,56149.0,2731.0,Standard,1
473,it,this,963712.0,406915.0,Standard,1
475,the,it,1501908.0,963712.0,Standard,1
476,support,supported,2587.0,186.0,Compound,1
477,type,size,3093.0,2353.0,Standard,1
478,at,for,164072.0,351650.0,Standard,1
479,these,those,46104.0,38404.0,Substitution,1
480,calls,will,4097.0,108306.0,Standard,1
481,appraise,appraisal,10.0,39.0,Standard,3
484,machine,machines,3583.0,707.0,Deletion,1
485,do,want,312915.0,140718.0,Standard,2
486,update,event,252.0,1345.0,Standard,1
487,regular,normal,1727.0,3589.0,Standard,1
488,used,to,17551.0,1156570.0,Standard,1
489,is,every,459663.0,28007.0,Standard,1
490,visible,invisible,253.0,630.0,Compound,1
491,is,for,459663.0,351650.0,Standard,1
492,add,remove,1686.0,1084.0,Standard,1
493,sever,server,80.0,200.0,Deletion,1
495,time,type,99890.0,3093.0,Standard,1
496,configured,protocol,9.0,382.0,Standard,1
497,it,they,963712.0,209250.0,Standard,1
498,kindle,Kindle,9.0,9.0,Caps Error,4
500,solutions,solution,76.0,807.0,Insertion,1
503,our,out,71425.0,197131.0,Substitution,3
504,Bull,Bulls,1403.0,264.0,Deletion,1
505,like,luck,203947.0,7840.0,Standard,7
512,ASH,ACH,469.0,38.0,Substitution,1
513,inside,insight,10775.0,143.0,Standard,1
514,you,there,2134713.0,221754.0,Standard,1
516,wich,which,9.0,24339.0,Deletion,1
517,if,of,180610.0,590439.0,Substitution,2
519,intelligent,intelligently,689.0,23.0,Compound,1
520,the,all,1501908.0,263255.0,Standard,1
521,while,if,17821.0,180610.0,Standard,1
522,close,closed,11191.0,2758.0,Deletion,1
523,all,compatible,263255.0,120.0,Standard,1
524,of,on,590439.0,354742.0,Substitution,1
525,the,them,1501908.0,90720.0,Deletion,2
526,left,right,24707.0,204428.0,Standard,1
527,M,N,343245.0,2810.0,Substitution,1
528,ever,every,36170.0,28007.0,Deletion,1
529,predominately,predominantly,9.0,19.0,Standard,1
530,no,on,304549.0,354742.0,Exchange,1
532,returns,return,447.0,4676.0,Insertion,1
533,chose,choose,952.0,2451.0,Deletion,3
534,cancelling,canceling,39.0,79.0,Insertion,1
535,some,the,88089.0,1501908.0,Standard,1
536,it,process,963712.0,1427.0,Standard,1
537,Cancelling,Canceling,39.0,79.0,Insertion,1
538,on,of,354742.0,590439.0,Substitution,2
540,HAndle,Handle,5529.0,5529.0,Caps Error,1
541,stop,pause,36071.0,275.0,Standard,1
542,position,rotation,3676.0,149.0,Standard,2
546,n,x,2810.0,1051.0,Substitution,1
547,n,m,2810.0,343245.0,Substitution,1
548,can,constructors,267620.0,2.0,Standard,1
549,typed,by,90.0,68364.0,Standard,1
550,an,as,95071.0,113068.0,Substitution,1
551,of,addition,590439.0,395.0,Standard,2
553,us,use,86478.0,17536.0,Deletion,4
554,Round,round,3393.0,3393.0,Caps Error,1
555,right,center,204428.0,2335.0,Standard,1
556,Butch,Batch,328.0,212.0,Substitution,1
557,Snapshot,Snapshots,53.0,47.0,Deletion,1
558,following,follows,2310.0,371.0,Standard,1
559,are,were,265672.0,84804.0,Standard,1
560,Width,width,35.0,35.0,Caps Error,1
561,or,and,86970.0,682780.0,Standard,1
562,know,grasp,291780.0,233.0,Standard,1
563,that,who,719677.0,113370.0,Standard,1
564,into,from,43074.0,103992.0,Standard,1
565,exiting,existing,48.0,98.0,Deletion,3
566,derives,derived,14.0,53.0,Substitution,1
567,this,needs,406915.0,8198.0,Standard,1
568,Server,Serve,200.0,1935.0,Insertion,1
569,gets,get,11364.0,233772.0,Insertion,2
570,organisation,organization,119.0,668.0,Substitution,1
571,Organisations,Organizations,11.0,71.0,Substitution,2
573,Arguments,Component,230.0,81.0,Standard,1
574,must,should,35661.0,54159.0,Standard,1
575,update,updated,252.0,67.0,Deletion,1
576,write,writes,6467.0,421.0,Deletion,1
577,Seed,Read,386.0,12302.0,Standard,1
578,a,having,1041179.0,14752.0,Standard,1
579,trough,through,72.0,28026.0,Deletion,2
580,m,zero,343245.0,1094.0,Standard,1
581,input,inputs,152.0,2.0,Deletion,1
582,it,if,963712.0,180610.0,Substitution,1
584,USA,US,203.0,86478.0,Insertion,1
585,and,fork,682780.0,450.0,Standard,1
586,all,the,263255.0,1501908.0,Standard,2
587,calls,The,4097.0,1501908.0,Standard,2
590,with,wish,257465.0,11991.0,Substitution,1
591,easily,easy,1151.0,13551.0,Standard,1
592,changes,change,1481.0,12258.0,Insertion,1
594,start,test,17345.0,4288.0,Standard,1
595,check,Check,14228.0,14228.0,Caps Error,1
596,clone,Clone,128.0,128.0,Caps Error,1
597,build,Build,2452.0,2452.0,Caps Error,1
598,simple,simply,4555.0,2362.0,Substitution,2
602,one,on,156684.0,354742.0,Insertion,3
605,array,Array,108.0,108.0,Caps Error,1
606,include,ignore,568.0,951.0,Standard,1
607,filters,filter,48.0,162.0,Insertion,1
608,breaks,break,960.0,11275.0,Insertion,1
609,starting,started,3558.0,9566.0,Standard,1
610,migrations,seeds,4.0,228.0,Standard,1
612,pictures,images,3477.0,401.0,Standard,1
613,proper,usable,1289.0,27.0,Standard,1
614,detailed,guide,200.0,910.0,Standard,1
615,an,explicit,95071.0,71.0,Standard,2
616,a,of,1041179.0,590439.0,Standard,2
618,lightening,lightning,26.0,721.0,Insertion,3
621,Lightening,Lightning,26.0,721.0,Insertion,2
623,editing,rendering,108.0,54.0,Standard,1
624,Getting,getting,24719.0,24719.0,Caps Error,1
625,Transactions,Methods,56.0,330.0,Standard,1
626,Command,command,2225.0,2225.0,Caps Error,1
627,determines,determine,46.0,428.0,Insertion,1
629,tou,you,18.0,2134713.0,Substitution,1
630,al,a,5306.0,1041179.0,Insertion,1
631,the,below,1501908.0,1430.0,Standard,1
632,request,requests,1304.0,273.0,Deletion,1
633,sections,section,127.0,1394.0,Insertion,1
634,a,code,1041179.0,2709.0,Standard,1
635,snipped,snippet,6.0,5.0,Substitution,1
637,behaviour,behavior,275.0,1142.0,Insertion,1
638,flavours,flavors,15.0,66.0,Insertion,1
639,steps,support,1259.0,2587.0,Standard,1
640,be,also,293085.0,10528.0,Standard,1
641,product,produce,752.0,564.0,Substitution,1
642,changed,changes,5148.0,1481.0,Substitution,1
643,in,id,498444.0,169.0,Substitution,1
644,visa,vice,216.0,950.0,Standard,1
645,shown,listed,723.0,284.0,Standard,1
646,into,in,43074.0,498444.0,Compound,1
647,As,Below,113068.0,1430.0,Standard,1
648,up,be,187170.0,293085.0,Standard,1
649,fix,fit,4426.0,2937.0,Substitution,1
651,uses,users,778.0,63.0,Deletion,1
652,as,the,113068.0,1501908.0,Standard,1
653,side,size,10247.0,2353.0,Substitution,1
654,grow,growing,3034.0,1527.0,Compound,1
655,Mobile,Push,381.0,3598.0,Standard,1
656,than,then,37679.0,75966.0,Substitution,3
657,String,boolean,646.0,4.0,Standard,1
658,one,single,156684.0,3676.0,Standard,1
659,the,most,1501908.0,17889.0,Standard,1
660,Provides,provides,137.0,137.0,Caps Error,1
662,is,must,459663.0,35661.0,Standard,1
663,sorting,Sorting,74.0,74.0,Caps Error,1
665,off,of,60155.0,590439.0,Insertion,1
669,as,follows,113068.0,371.0,Standard,1
672,market,marked,1848.0,547.0,Substitution,1
674,Queries,Mutations,8.0,44.0,Standard,1
675,queries,mutations,8.0,44.0,Standard,1
676,query,mutation,29.0,88.0,Standard,1
677,examples,example,97.0,1527.0,Insertion,3
678,restart,stop,30.0,36071.0,Standard,1
679,Runs,Upgrade,1637.0,110.0,Standard,1
680,Future,Function,5278.0,565.0,Standard,1
681,stride,s,107.0,1057301.0,Compound,1
682,Steps,Statements,1259.0,279.0,Standard,1
683,prefix,prefixes,21.0,2.0,Compound,1
684,up,test,187170.0,4288.0,Standard,1
685,Not,Now,276673.0,163333.0,Substitution,1
686,form,from,2180.0,103992.0,Exchange,4
687,houses,greenhouses,975.0,4.0,Compound,1
688,Set,The,11805.0,1501908.0,Standard,1
689,dat,data,61.0,1306.0,Deletion,1
690,user,sure,79.0,56091.0,Exchange,1
693,user,use,79.0,17536.0,Insertion,2
694,with,width,257465.0,35.0,Deletion,1
695,columns,column,141.0,559.0,Insertion,1
696,has,as,57830.0,113068.0,Insertion,2
697,to,switch,1156570.0,1434.0,Standard,1
698,then,than,75966.0,37679.0,Substitution,7
699,in,it,498444.0,963712.0,Substitution,1
701,not,no,276673.0,304549.0,Insertion,2
702,setup,source,440.0,1437.0,Standard,1
703,copy,Copy,2666.0,2666.0,Caps Error,1
704,width,flex,35.0,50.0,Standard,1
705,second,first,14513.0,42869.0,Standard,1
706,tu,to,163.0,1156570.0,Substitution,1
707,medium,dark,362.0,4519.0,Standard,1
708,dark,medium,4519.0,362.0,Standard,1
709,components,component,84.0,81.0,Insertion,1
710,feedback,Feedback,140.0,140.0,Caps Error,1
711,Lean,Learn,529.0,6047.0,Deletion,1
712,that,the,719677.0,1501908.0,Standard,1
713,all,be,263255.0,293085.0,Standard,1
714,can,the,267620.0,1501908.0,Standard,1
716,them,then,90720.0,75966.0,Substitution,1
717,it,a,963712.0,1041179.0,Standard,1
718,is,that,459663.0,719677.0,Standard,1
719,with,within,257465.0,3017.0,Compound,1
720,go,to,193445.0,1156570.0,Substitution,1
721,before,Before,40501.0,40501.0,Caps Error,1
722,Clone,clone,128.0,128.0,Caps Error,1
723,Download,download,168.0,168.0,Caps Error,1
724,Train,train,4848.0,4848.0,Caps Error,1
725,Test,test,4288.0,4288.0,Caps Error,1
728,arguments,argument,230.0,867.0,Insertion,1
729,uploaded,downloaded,21.0,77.0,Standard,1
731,selected,profiles,249.0,50.0,Standard,1
732,classes,class,812.0,5985.0,Compound,1
733,orientated,oriented,5.0,27.0,Standard,1
734,positive,neutral,1613.0,215.0,Standard,1
735,positive,negative,1613.0,1308.0,Standard,1
736,immediate,immediately,571.0,2446.0,Compound,1
737,crated,created,6.0,1195.0,Deletion,1
738,on,window,354742.0,4386.0,Standard,1
740,determined,determines,671.0,46.0,Substitution,1
741,ie,is,14.0,459663.0,Substitution,1
743,rit,git,6.0,101.0,Substitution,1
744,code,core,2709.0,501.0,Substitution,1
745,i,j,2038529.0,4026.0,Substitution,1
747,action,msg,3115.0,10.0,Standard,2
751,View,Image,1965.0,1154.0,Standard,1
752,shadow,shadows,1080.0,583.0,Deletion,1
753,Reader,Header,278.0,25.0,Substitution,1
754,an,can,95071.0,267620.0,Deletion,1
755,use,is,17536.0,459663.0,Standard,1
756,thanks,than,31789.0,37679.0,Compound,1
759,fro,for,58.0,351650.0,Exchange,1
760,just,Just,242206.0,242206.0,Caps Error,1
762,book,books,9026.0,3456.0,Deletion,1
763,to,the,1156570.0,1501908.0,Standard,2
764,event,emits,1345.0,18.0,Standard,1
765,to,our,1156570.0,71425.0,Standard,1
767,and,such,682780.0,14852.0,Standard,1
768,cured,curved,308.0,31.0,Deletion,1
769,bt,by,10.0,68364.0,Substitution,2
771,Headset,Headsets,42.0,22.0,Deletion,1
772,The,There,1501908.0,221754.0,Compound,2
773,OPEN,Open,16341.0,16341.0,Caps Error,1
774,selected,select,249.0,180.0,Compound,3
777,is,instruction,459663.0,103.0,Standard,1
778,starts,completes,2335.0,46.0,Standard,1
779,bellow,below,23.0,1430.0,Insertion,14
785,make,find,70775.0,42379.0,Standard,1
786,Introduce,Boy,1771.0,27021.0,Standard,1
787,Oftentimes,Often,20.0,2925.0,Compound,1
788,current,root,869.0,534.0,Standard,1
789,props,NOTE,152.0,2731.0,Standard,1
792,to,so,1156570.0,216452.0,Substitution,1
793,be,by,293085.0,68364.0,Substitution,2
795,based,with,1357.0,257465.0,Standard,1
796,describing,the,118.0,1501908.0,Standard,1
797,Alternating,Block,21.0,2067.0,Standard,1
798,react,React,385.0,385.0,Caps Error,1
799,hand,handful,14262.0,291.0,Compound,1
800,be,depend,293085.0,504.0,Standard,1
801,on,an,354742.0,95071.0,Substitution,1
803,state,props,5500.0,152.0,Standard,1
804,prior,version,422.0,828.0,Standard,1
805,note,not,2731.0,276673.0,Insertion,1
806,begging,beginning,766.0,3219.0,Standard,1
807,a,with,1041179.0,257465.0,Standard,1
809,Cared,Cards,723.0,2449.0,Standard,1
811,locate,locale,524.0,16.0,Substitution,1
814,two,files,54384.0,1358.0,Standard,1
815,any,all,56068.0,263255.0,Standard,1
816,two,three,54384.0,27654.0,Standard,7
817,enzyme,Karma,54.0,176.0,Standard,1
818,in,on,498444.0,354742.0,Substitution,3
822,Window,Windows,4386.0,1190.0,Deletion,1
823,Log,Sign,610.0,6797.0,Standard,1
824,our,your,71425.0,328715.0,Deletion,1
825,Knowledge,Uncertain,1302.0,121.0,Standard,1
827,ration,ratio,66.0,164.0,Insertion,2
828,for,and,351650.0,682780.0,Standard,1
830,ur,our,34.0,71425.0,Deletion,1
831,register,add,561.0,1686.0,Standard,1
832,when,form,103739.0,2180.0,Standard,1
833,super,superseded,1336.0,8.0,Compound,1
834,stings,strings,88.0,418.0,Deletion,1
835,Setup,an,440.0,95071.0,Standard,1
836,Calender,Calendar,3.0,363.0,Substitution,4
847,Finally,We,5989.0,459607.0,Standard,1
848,on,with,354742.0,257465.0,Standard,1
849,exists,exist,575.0,1477.0,Insertion,1
850,that,than,719677.0,37679.0,Substitution,2
851,works,work,5357.0,40699.0,Insertion,4
852,If,if,180610.0,180610.0,Caps Error,1
853,Rating,rating,112.0,112.0,Caps Error,1
855,them,the,90720.0,1501908.0,Insertion,1
858,complied,compiled,13.0,29.0,Exchange,8
867,The,the,1501908.0,1501908.0,Caps Error,2
868,Support,Supports,2587.0,105.0,Deletion,2
870,tasks,concurrent,85.0,11.0,Standard,1
871,Single,Supports,3676.0,105.0,Standard,1
872,build,building,2452.0,5078.0,Compound,1
873,Welcome,Translations,9140.0,22.0,Standard,1
874,are,actually,265672.0,16439.0,Standard,1
875,the,an,1501908.0,95071.0,Standard,1
878,Patters,Patterns,3.0,253.0,Deletion,1
879,wile,while,21.0,17821.0,Deletion,1
880,token,tokens,205.0,56.0,Deletion,1
881,accepts,accept,106.0,2692.0,Insertion,1
882,hard,hand,15700.0,14262.0,Substitution,1
883,value,operator,1097.0,836.0,Standard,1
884,m,n,343245.0,2810.0,Substitution,1
885,than,that,37679.0,719677.0,Substitution,2
887,once,one,17589.0,156684.0,Insertion,1
888,latin,Latin,561.0,561.0,Caps Error,1
889,n,zero,2810.0,1094.0,Standard,1
890,do,cover,312915.0,4808.0,Standard,1
891,cover,the,4808.0,1501908.0,Standard,1
892,As,An,113068.0,95071.0,Substitution,1
893,in,is,498444.0,459663.0,Substitution,2
894,given,give,4851.0,59559.0,Insertion,1
895,type,types,3093.0,479.0,Deletion,1
896,will,corresponds,108306.0,18.0,Standard,1
897,its,users,8757.0,63.0,Standard,1
898,library,libraries,1170.0,35.0,Standard,1
899,to,top,1156570.0,6805.0,Deletion,1
900,that,only,719677.0,55269.0,Standard,2
902,evaluate,enable,88.0,75.0,Standard,5
907,For,Windows,351650.0,1190.0,Standard,2
909,We,Thanks,459607.0,31789.0,Standard,1
910,this,these,406915.0,46104.0,Standard,4
912,versions,manually,62.0,83.0,Standard,1
914,do,does,312915.0,34002.0,Compound,2
916,Brain,brain,3928.0,3928.0,Caps Error,1
917,a,the,1041179.0,1501908.0,Standard,4
918,expression,expressions,651.0,51.0,Deletion,1
919,window,windows,4386.0,1190.0,Deletion,1
920,heigh,height,14.0,476.0,Deletion,1
921,Add,size,1686.0,2353.0,Standard,1
923,a,component,1041179.0,81.0,Standard,1
924,this,thus,406915.0,628.0,Substitution,1
925,Extent,Event,207.0,1345.0,Standard,1
926,condition,category,1936.0,207.0,Standard,1
927,operations,management,600.0,594.0,Standard,1
931,version,versions,828.0,62.0,Deletion,1
932,numerical,the,20.0,1501908.0,Standard,2
933,on,measured,354742.0,144.0,Standard,1
934,about,accumulation,185206.0,13.0,Standard,1
935,just,added,242206.0,492.0,Standard,1
936,literary,literally,130.0,739.0,Standard,1
937,make,enable,70775.0,75.0,Standard,1
938,will,is,108306.0,459663.0,Standard,2
939,a,another,1041179.0,25970.0,Standard,1
940,untill,until,15.0,15426.0,Insertion,1
941,Down,down,76004.0,76004.0,Caps Error,1
942,python,Python,79.0,79.0,Caps Error,1
943,merely,binds,795.0,38.0,Standard,1
944,a,digital,1041179.0,275.0,Standard,1
945,Load,Fly,1490.0,4335.0,Standard,1
946,goals,query,262.0,29.0,Standard,2
948,reverse,reverses,560.0,17.0,Deletion,1
949,element,elements,338.0,352.0,Deletion,1
950,Clones,pushes,45.0,139.0,Standard,1
952,represent,represents,773.0,313.0,Deletion,1
955,the,The,1501908.0,1501908.0,Caps Error,6
956,the,sets,1501908.0,761.0,Standard,1
957,Creat,Create,2.0,1289.0,Deletion,1
958,data,versions,1306.0,62.0,Standard,2
961,will,may,108306.0,26080.0,Standard,1
962,instruct,configure,85.0,9.0,Standard,1
963,of,other,590439.0,37505.0,Standard,1
964,contents,content,219.0,389.0,Insertion,1
966,Chapters,Chapter,101.0,604.0,Insertion,1
967,summery,summary,6.0,85.0,Substitution,1
968,some,an,88089.0,95071.0,Standard,1
969,mention,user,3033.0,79.0,Standard,1
970,require,requires,542.0,489.0,Deletion,1
971,II,In,57.0,498444.0,Substitution,1
972,Installation,installation,72.0,72.0,Caps Error,2
975,table,tables,5387.0,599.0,Deletion,2
976,As,This,113068.0,406915.0,Standard,2
977,want,must,140718.0,35661.0,Standard,2
983,value,values,1097.0,432.0,Deletion,1
985,are,consist,265672.0,22.0,Standard,1
987,are,may,265672.0,26080.0,Standard,2
990,be,have,293085.0,314232.0,Standard,1
991,the,scope,1501908.0,286.0,Standard,1
992,lest,least,100.0,10596.0,Deletion,1
993,one,once,156684.0,17589.0,Deletion,1
994,for,about,351650.0,185206.0,Standard,1
995,default,info,51.0,189.0,Standard,1
996,ca,can,109.0,267620.0,Deletion,1
997,is,allows,459663.0,279.0,Standard,1
998,Basic,Form,794.0,2180.0,Standard,1
999,whole,the,19660.0,1501908.0,Standard,1
1000,error,errors,473.0,87.0,Deletion,1
1001,strait,straight,9.0,6244.0,Standard,1
1002,relay,rely,152.0,366.0,Insertion,1
1004,second,seconds,14513.0,3603.0,Deletion,1
1005,employ,employing,171.0,14.0,Compound,1
1006,Add,Added,1686.0,492.0,Compound,1
1007,Update,Updated,252.0,67.0,Deletion,1
1008,year,years,14174.0,29003.0,Deletion,1
1009,route,router,1089.0,15.0,Deletion,1
1010,with,while,257465.0,17821.0,Standard,1
1011,can,accepts,267620.0,106.0,Standard,1
1013,integers,strings,2.0,418.0,Standard,1
1014,terminated,,147.0,27.0,Standard,1
1015,a,already,1041179.0,16246.0,Standard,1
1016,hat,that,3273.0,719677.0,Deletion,1
1018,operators,operator,75.0,836.0,Insertion,1
1019,on,from,354742.0,103992.0,Standard,1
1020,to,know,1156570.0,291780.0,Standard,1
1022,strait,straightforward,9.0,102.0,Standard,1
1024,thou,though,1144.0,9279.0,Compound,1
1025,done,written,24737.0,2247.0,Standard,1
1026,does,do,34002.0,312915.0,Compound,1
1027,you,would,2134713.0,90162.0,Standard,1
1028,strings,too,418.0,69950.0,Standard,1
1029,try,tries,24314.0,807.0,Standard,1
1030,Rack,Rake,397.0,152.0,Standard,1
1031,notify,notifying,367.0,23.0,Compound,1
1032,directory,examples,84.0,97.0,Standard,1
1033,transformation,transformations,101.0,8.0,Deletion,1
1034,appearance,state,591.0,5500.0,Standard,1
1035,object,objects,1314.0,444.0,Deletion,1
1036,at,in,164072.0,498444.0,Standard,1
1037,to,where,1156570.0,93341.0,Standard,1
1038,and,searched,682780.0,406.0,Standard,1
1041,Open,Within,16341.0,3017.0,Standard,1
1042,bit,bits,11987.0,549.0,Deletion,1
1043,you,interaction,2134713.0,60.0,Standard,1
1044,a,health,1041179.0,2054.0,Standard,1
1045,Heath,Health,95.0,2054.0,Deletion,1
1046,If,You,180610.0,2134713.0,Standard,1
1049,a,separate,1041179.0,1107.0,Standard,1
1050,currently,available,351.0,1323.0,Standard,1
1051,Classical,classical,224.0,224.0,Caps Error,2
1053,weight,weights,1850.0,136.0,Deletion,1
1054,install,gym,138.0,927.0,Standard,1
1055,Formally,Formerly,106.0,123.0,Standard,1
1057,is,designed,459663.0,894.0,Standard,1
1058,The,It,1501908.0,963712.0,Standard,1
1061,ros,rows,9.0,92.0,Deletion,1
1062,can,add,267620.0,1686.0,Standard,1
1063,options,to,715.0,1156570.0,Standard,1
1064,included,alongside,382.0,192.0,Standard,1
1065,grid,Grid,282.0,282.0,Caps Error,1
1066,scenes,scene,428.0,3807.0,Insertion,1
1067,from,on,103992.0,354742.0,Standard,1
1069,Debugging,Validation,2.0,36.0,Standard,1
1070,class,range,5985.0,1161.0,Standard,1
1071,cases,case,1436.0,14403.0,Insertion,1
1072,hight,high,3.0,9945.0,Insertion,1
1073,Interpolation,Writing,2.0,2852.0,Standard,1
1074,can,you,267620.0,2134713.0,Standard,2
1075,It,If,963712.0,180610.0,Substitution,1
1076,reply,rely,245.0,366.0,Insertion,1
1077,groups,group,471.0,3762.0,Insertion,1
1078,to,up,1156570.0,187170.0,Standard,1
1079,replaces,replaced,23.0,421.0,Substitution,1
1080,stores,store,485.0,4178.0,Insertion,1
1082,incase,case,9.0,14403.0,Compound,2
1084,add,Add,1686.0,1686.0,Caps Error,1
1085,just,from,242206.0,103992.0,Standard,1
1086,a,frequency,1041179.0,337.0,Standard,1
1087,time,times,99890.0,11221.0,Deletion,1
1088,performing,scaling,325.0,10.0,Standard,1
1089,image,images,1154.0,401.0,Deletion,1
1090,the,sampled,1501908.0,24.0,Standard,2
1092,var,final,7.0,2533.0,Standard,1
1093,INFO,NOTE,189.0,2731.0,Standard,1
1094,task,tasks,649.0,85.0,Deletion,1
1095,TIP,NOTE,1409.0,2731.0,Standard,1
1096,where,were,93341.0,84804.0,Insertion,2
1098,saved,save,3558.0,8278.0,Insertion,2
1100,da,dar,1183.0,68.0,Deletion,1
1101,wich,that,9.0,719677.0,Standard,3
1104,recursive,true,3.0,12921.0,Standard,1
1105,support,supports,2587.0,105.0,Deletion,1
1106,bring,brings,16685.0,1791.0,Deletion,1
1107,in,within,498444.0,3017.0,Compound,1
1108,property,properties,1698.0,162.0,Standard,1
1110,class,interface,5985.0,77.0,Standard,1
1111,current,member,869.0,1468.0,Standard,1
1113,package,packages,1162.0,199.0,Deletion,1
1114,the,correct,1501908.0,2292.0,Standard,1
1115,This,this,406915.0,406915.0,Caps Error,1
1116,manager,manage,2038.0,1095.0,Insertion,1
1118,now,no,163333.0,304549.0,Insertion,1
1119,project,projects,1907.0,285.0,Deletion,2
1120,Final,The,2533.0,1501908.0,Standard,1
1121,is,takes,459663.0,5986.0,Standard,1
1122,To,An,1156570.0,95071.0,Standard,1
1123,to,by,1156570.0,68364.0,Standard,1
1124,alert,r,1051.0,3579.0,Compound,1
1125,pull,pool,7469.0,2396.0,Standard,1
1126,three,two,27654.0,54384.0,Standard,1
1127,which,is,24339.0,459663.0,Standard,1
1128,let,repository,123381.0,13.0,Standard,1
1129,four,five,13045.0,14558.0,Standard,1
1131,ten,then,7395.0,75966.0,Deletion,1
1132,exception,expression,409.0,651.0,Standard,1
1133,types,type,479.0,3093.0,Insertion,1
1135,previous,template,484.0,21.0,Standard,1
1136,so,The,216452.0,1501908.0,Standard,1
1137,manage,manager,1095.0,2038.0,Deletion,1
1138,pubic,public,60.0,3625.0,Deletion,1
1142,us,are,86478.0,265672.0,Standard,1
1143,windows,Windows,1190.0,1190.0,Caps Error,1
1144,fond,found,629.0,20196.0,Deletion,1
1145,help,helps,46977.0,1084.0,Deletion,1
1146,in,to,498444.0,1156570.0,Standard,1
1147,be,but,293085.0,225291.0,Standard,1
1148,future,futures,5278.0,83.0,Deletion,1
1149,item,error,628.0,473.0,Standard,1
1152,Create,virtual,1289.0,133.0,Standard,1
1153,Exit,virtual,794.0,133.0,Standard,1
1154,of,or,590439.0,86970.0,Substitution,1
1155,extension,funding,275.0,162.0,Standard,1
1156,on,the,354742.0,1501908.0,Standard,1
1157,Make,for,70775.0,351650.0,Standard,1
1158,our,program,71425.0,2174.0,Standard,1
1159,it,the,963712.0,1501908.0,Standard,1
1162,are,is,265672.0,459663.0,Standard,1
1163,all,allow,263255.0,2263.0,Compound,1
1164,string,answer,646.0,8986.0,Standard,1
1165,and,groups,682780.0,471.0,Standard,1
1166,contains,contain,260.0,310.0,Insertion,2
1168,a,slightly,1041179.0,576.0,Standard,1
1170,when,if,103739.0,180610.0,Standard,1
1171,some,more,88089.0,66228.0,Standard,2
1174,pantheon,Pantheon,21.0,21.0,Caps Error,1
1175,maven,Maven,5.0,5.0,Caps Error,1
1176,contain,contains,310.0,260.0,Deletion,2
1178,classes,functions,812.0,201.0,Standard,1
1179,including,include,1405.0,568.0,Standard,1
1181,D,dD,101335.0,300.0,Deletion,1
1182,extraordinaire,extraordinary,33.0,771.0,Standard,1
1185,Sidebar,The,47.0,1501908.0,Standard,1
1186,Application,Only,510.0,55269.0,Standard,1
1187,Three,Tree,27654.0,3315.0,Insertion,1
1188,detailed,details,200.0,1481.0,Standard,1
1190,backwards,backward,667.0,159.0,Insertion,1
1191,as,was,113068.0,288391.0,Deletion,1
1192,arrive,arrived,953.0,1949.0,Deletion,1
1195,tool,and,548.0,682780.0,Standard,1
1196,receive,received,992.0,1436.0,Deletion,1
1197,use,be,17536.0,293085.0,Standard,3
1198,Others,Other,5061.0,37505.0,Insertion,1
1199,is,its,459663.0,8757.0,Deletion,1
1200,have,has,314232.0,57830.0,Standard,1
1201,too,to,69950.0,1156570.0,Insertion,1
1202,Latest,Package,955.0,1162.0,Standard,1
1203,make,made,70775.0,28626.0,Substitution,1
1204,contribute,contributed,194.0,86.0,Deletion,1
1205,Title,Titre,947.0,2.0,Substitution,1
1206,witch,which,1410.0,24339.0,Standard,1
1208,the,source,1501908.0,1437.0,Standard,1
1209,sources,source,419.0,1437.0,Insertion,1
1210,follow,following,6283.0,2310.0,Compound,1
1212,threw,through,2082.0,28026.0,Standard,3
1214,affect,effect,568.0,1219.0,Substitution,1
1215,Chat,Charts,830.0,333.0,Standard,1
1216,below,file,1430.0,2246.0,Standard,3
1218,when,the,103739.0,1501908.0,Standard,1
1221,links,link,141.0,609.0,Insertion,1
1222,scrap,scrape,223.0,210.0,Deletion,1
1224,of,matching,590439.0,230.0,Standard,1
1227,the,page,1501908.0,1912.0,Standard,1
1228,attribute,to,45.0,1156570.0,Standard,1
1229,can,transform,267620.0,112.0,Standard,1
1230,read,follow,12302.0,6283.0,Standard,1
1232,ont,on,10.0,354742.0,Insertion,1
1238,had,try,85472.0,24314.0,Standard,1
1239,were,are,84804.0,265672.0,Standard,1
1240,The,When,1501908.0,103739.0,Standard,1
1242,Not,Note,276673.0,2731.0,Deletion,1
1243,bought,brought,4362.0,8786.0,Deletion,1
1244,their,there,33413.0,221754.0,Standard,1
1245,library,This,1170.0,406915.0,Standard,1
1246,can,even,267620.0,44672.0,Standard,1
1247,thank,thanks,56877.0,31789.0,Deletion,1
1248,only,focus,55269.0,1499.0,Standard,1
1249,not,extract,276673.0,150.0,Standard,1
1252,It,This,963712.0,406915.0,Standard,1
1253,basis,basics,609.0,114.0,Deletion,1
1254,under,underlying,13358.0,64.0,Compound,2
1255,veterans,developers,95.0,25.0,Standard,2
1256,allow,enable,2263.0,75.0,Standard,2
1257,it,we,963712.0,459607.0,Standard,1
1258,equiped,equipped,4.0,217.0,Deletion,1
1259,roll,role,3227.0,929.0,Substitution,1
1260,match,eat,2521.0,12846.0,Standard,1
1261,and,to,682780.0,1156570.0,Standard,1
1262,sets,set,761.0,11805.0,Insertion,1
1264,isn,is,29886.0,459663.0,Insertion,1
1265,release,releases,1851.0,89.0,Deletion,1
1266,in,into,498444.0,43074.0,Compound,1
1267,both,on,15062.0,354742.0,Standard,1
1268,on,both,354742.0,15062.0,Standard,1
1269,record,records,4365.0,2066.0,Deletion,1
1270,liens,lies,4.0,1883.0,Insertion,1
1273,advices,advice,3.0,2447.0,Insertion,1
1274,an,address,95071.0,2666.0,Standard,1
1276,in,at,498444.0,164072.0,Standard,1
1277,City,city,8624.0,8624.0,Caps Error,1
1278,options,Options,715.0,715.0,Caps Error,1
1279,events,Events,860.0,860.0,Caps Error,1
1280,got,has,168631.0,57830.0,Standard,1
1281,tile,title,108.0,947.0,Deletion,1
1282,date,data,7218.0,1306.0,Substitution,1
1284,fit,it,2937.0,963712.0,Insertion,1
1285,pon,on,17.0,354742.0,Insertion,1
1286,first,fits,42869.0,654.0,Standard,1
1287,thank,than,56877.0,37679.0,Insertion,1
1288,no,a,304549.0,1041179.0,Standard,1
1289,slave,master,940.0,4450.0,Standard,1
1290,accordingly,according,93.0,2135.0,Compound,1
1291,extend,extent,327.0,207.0,Substitution,1
1293,made,make,28626.0,70775.0,Substitution,1
1294,to,For,1156570.0,351650.0,Standard,1
1295,you,how,2134713.0,155867.0,Standard,1
1296,appartement,apartment,2.0,4235.0,Standard,1
1297,tha,the,632.0,1501908.0,Substitution,1
1299,None,none,5641.0,5641.0,Caps Error,3
1300,themes,theme,57.0,710.0,Insertion,1
1301,og,or,32.0,86970.0,Substitution,1
1303,theme,themes,710.0,57.0,Deletion,4
1307,mayor,major,1595.0,5343.0,Substitution,2
1309,unix,Unix,17.0,17.0,Caps Error,1
1313,ad,at,694.0,164072.0,Substitution,1
1314,This,Or,406915.0,86970.0,Standard,1
1315,watch,daemon,16831.0,13.0,Standard,1
1316,render,connect,103.0,492.0,Standard,1
1317,examples,source,97.0,1437.0,Standard,1
1318,calculated,calculate,120.0,106.0,Insertion,2
1323,display,displayed,435.0,75.0,Compound,2
1324,option,options,736.0,715.0,Deletion,1
1325,colors,category,528.0,207.0,Standard,3
1328,widgets,are,3.0,265672.0,Standard,1
1330,retrieve,retrieved,210.0,42.0,Deletion,1
1331,synchronise,synchronize,10.0,34.0,Substitution,1
1333,is,ist,459663.0,38.0,Deletion,1
1334,sample,samples,744.0,442.0,Deletion,1
1335,mad,mac,5784.0,1440.0,Substitution,1
1337,target,targets,1936.0,340.0,Deletion,1
1342,Code,Add,2709.0,1686.0,Standard,1
1343,main,master,2179.0,4450.0,Standard,1
1344,download,downloads,168.0,10.0,Deletion,1
1345,script,scripts,1000.0,119.0,Deletion,1
1346,Maven,Alfresco,5.0,7.0,Standard,1
1347,your,of,328715.0,590439.0,Standard,1
1348,mere,merge,401.0,71.0,Deletion,1
1349,discussions,discussion,86.0,619.0,Insertion,1
1350,from,across,103992.0,4801.0,Standard,1
1351,But,In,225291.0,498444.0,Standard,1
1352,Some,Already,88089.0,16246.0,Standard,1
1353,the,work,1501908.0,40699.0,Standard,1
1354,publish,archive,260.0,67.0,Standard,1
1355,they,these,209250.0,46104.0,Standard,1
1356,te,the,150.0,1501908.0,Deletion,1
1357,will,let,108306.0,123381.0,Standard,1
1358,data,date,1306.0,7218.0,Substitution,1
1359,it,before,963712.0,40501.0,Standard,1
1360,writing,waiting,2852.0,10767.0,Substitution,1
1361,But,If,225291.0,180610.0,Standard,1
1362,file,fine,2246.0,30502.0,Substitution,1
1363,Was,Not,288391.0,276673.0,Standard,1
1365,var,let,7.0,123381.0,Standard,1
1366,by,of,68364.0,590439.0,Standard,1
1367,Hackers,Hacker,59.0,108.0,Insertion,1
1369,your,data,328715.0,1306.0,Standard,1
1370,Usage,Documentation,26.0,69.0,Standard,1
1371,the,users,1501908.0,63.0,Standard,1
1372,CANCELLED,CANCELED,332.0,372.0,Insertion,1
1373,Changs,Changes,7.0,1481.0,Deletion,1
1374,abort,panic,235.0,1114.0,Standard,3
1378,the,above,1501908.0,2493.0,Standard,1
1379,c,C,4675.0,4675.0,Caps Error,1
1380,contains,consists,260.0,68.0,Standard,1
1381,two,four,54384.0,13045.0,Standard,1
1382,t,to,733338.0,1156570.0,Deletion,1
1383,stream,streams,410.0,80.0,Deletion,1
1387,every,holding,28007.0,3530.0,Standard,1
1388,bound,values,940.0,432.0,Standard,1
1389,block,blocks,2067.0,765.0,Deletion,1
1391,object,attributes,1314.0,38.0,Standard,1
1392,Controllers,controllers,26.0,26.0,Caps Error,1
1393,both,the,15062.0,1501908.0,Standard,1
1394,using,mustache,3520.0,252.0,Standard,1
1395,ruby,java,607.0,78.0,Standard,3
1402,want,to,140718.0,1156570.0,Standard,1
1403,router,routing,15.0,36.0,Standard,1
1404,indexes,indices,4.0,2.0,Standard,1
1405,On,Make,354742.0,70775.0,Standard,1
1406,an,the,95071.0,1501908.0,Standard,1
1410,ruby,python,607.0,79.0,Standard,1
